client_id,communication_round,loss,accuracy
1,1,0.004988439381122589,0.9660404920578003
1,2,0.0020588042680174112,0.9674855470657349
1,3,0.0013806219212710857,0.9667630195617676
1,4,0.0011206759372726083,0.9667630195617676
1,5,0.000955744821112603,0.9667630195617676
1,6,0.0008360330830328166,0.9667630195617676
1,7,0.0007380670867860317,0.9674855470657349
1,8,0.0006525936769321561,0.9667630195617676
