client_id,communication_round,loss,accuracy
1,1,0.005089691840112209,0.9660404920578003
1,2,0.0034982438664883375,0.9667630195617676
