client_id,communication_round,loss,accuracy
1,1,0.004745969548821449,0.964595377445221
1,2,0.0018639490008354187,0.9682080745697021
1,3,0.0012862968724220991,0.9674855470657349
1,4,0.00103642453905195,0.9667630195617676
1,5,0.0008932518539950252,0.9667630195617676
1,6,0.000791502941865474,0.9660404920578003
1,7,0.0007073403103277087,0.9667630195617676
